tier,weight,expected_ratio,throughput,jfi_contribution
Enterprise,100,62.11180124223602,62.67,0.6267
Premium,50,31.05590062111801,31.61,0.3161
Standard,10,6.211180124223603,6.77,0.0677
Free,1,0.6211180124223602,1.18,0.0118
